<?xml version="1.0" encoding="UTF-8"?>
<alto xmlns:xsi="http://www.w3.org/2001/XMLSchema-instance"
      xmlns="http://www.loc.gov/standards/alto/ns-v4#"
      xsi:schemaLocation="http://www.loc.gov/standards/alto/ns-v4# http://www.loc.gov/standards/alto/v4/alto-4-2.xsd">
  <Description>
    <MeasurementUnit>pixel</MeasurementUnit>
    <sourceImageInformation>
      <fileName>Le_livre_des_faits_de_..._bpt6k1110614.pdf_page_25.png</fileName>
      <fileIdentifier>pdf//Le_livre_des_faits_de_..._bpt6k1110614.pdf</fileIdentifier>
    </sourceImageInformation>
  </Description>
  
  <Tags>
    <OtherTag ID="BT1" LABEL="Title" DESCRIPTION="block type Title"/><OtherTag ID="BT2" LABEL="Main" DESCRIPTION="block type Main"/><OtherTag ID="BT3" LABEL="Commentary" DESCRIPTION="block type Commentary"/><OtherTag ID="BT4" LABEL="Illustration" DESCRIPTION="block type Illustration"/><OtherTag ID="BT11763" LABEL="text" DESCRIPTION="block type text"/>
    <OtherTag ID="LT4789" LABEL="default" DESCRIPTION="line type default"/>
  </Tags>
  
  <Layout>
    <Page WIDTH="4267"
          HEIGHT="6033"
          PHYSICAL_IMG_NR="5"
          ID="eSc_dummypage_">
      <PrintSpace HPOS="0"
                  VPOS="0"
                  WIDTH="4267"
                  HEIGHT="6033">
        
        <TextBlock HPOS="656"
                   VPOS="616"
                   WIDTH="3088"
                   HEIGHT="4381"
                   ID="eSc_textblock_ea6cd9a6"
                   TAGREFS="BT11763">
          <Shape><Polygon POINTS="3144 616 3207 630 3261 764 3180 858 3211 884 3435 871 3506 750 3744 790 3583 1099 3583 4970 3345 4997 3301 4930 2886 4903 777 4903 724 4796 724 3056 656 2879 697 2812 683 2426 737 2369 697 938 777 898 3046 898 3170 868 3090 827 3144 616"/></Shape>
          
          
          <TextLine ID="eSc_line_a3d43bee"
                    TAGREFS="LT4789"
                    BASELINE="3563 841 3683 837" 
                    HPOS="3559"
                    VPOS="760"
                    WIDTH="124"
                    HEIGHT="158">
            <Shape><Polygon POINTS="3660 777 3626 770 3593 764 3576 760 3559 770 3563 841 3563 888 3630 918 3633 918 3636 918 3640 918 3643 918 3683 884 3683 837 3677 777 3660 777"/></Shape>
	    <String CONTENT="19"
                    HPOS="3559"
                    VPOS="760"
                    WIDTH="124"
                    HEIGHT="158"
                    WC="0.9974333345890045"></String>
          </TextLine>

          
          
          <TextLine ID="eSc_line_47e8bbf7"
                    TAGREFS="LT4789"
                    BASELINE="1106 1022 2125 1012" 
                    HPOS="1102"
                    VPOS="904"
                    WIDTH="1023"
                    HEIGHT="158">
            <Shape><Polygon POINTS="1106 1022 1106 1042 1169 1062 1173 1062 1176 1062 1270 1045 1404 1062 1407 1062 1411 1062 1468 1042 1779 1059 1783 1059 1890 1042 1957 1055 1960 1055 1964 1055 1967 1055 1987 1039 2068 1055 2071 1055 2074 1055 2125 1032 2125 1012 2121 931 2088 904 2084 904 2081 904 2024 904 2021 904 2017 904 2014 904 2014 908 1987 931 1924 911 1920 911 1917 911 1913 911 1910 911 1910 915 1890 931 1890 935 1669 935 1655 928 1629 908 1625 908 1622 908 1618 908 1615 908 1575 928 1561 935 1555 928 1535 908 1535 904 1531 904 1528 904 1525 904 1521 904 1518 904 1484 925 1471 935 1461 925 1441 908 1437 908 1434 908 1380 908 1377 908 1374 908 1370 908 1354 925 1334 938 1290 938 1277 921 1263 911 1263 908 1260 908 1256 908 1253 908 1102 918 1106 1022"/></Shape>
	    <String CONTENT="Aur fi̾t le ƃourgois qͥl"
                    HPOS="1102"
                    VPOS="904"
                    WIDTH="1023"
                    HEIGHT="158"></String>
          </TextLine>

          
          
          <TextLine ID="eSc_line_98696156"
                    TAGREFS="LT4789"
                    BASELINE="2212 1018 3542 1008" 
                    HPOS="2208"
                    VPOS="904"
                    WIDTH="1334"
                    HEIGHT="145">
            <Shape><Polygon POINTS="2212 1018 2212 1039 3512 1049 3516 1049 3519 1049 3522 1049 3542 1032 3542 1008 3536 938 3361 918 3358 918 3355 918 3315 935 3268 915 3264 915 3261 915 3258 915 3221 935 3201 915 3197 915 3194 915 3191 915 3187 915 3127 938 2926 938 2889 908 2889 904 2886 904 2882 904 2745 904 2741 904 2738 904 2735 904 2691 941 2554 941 2483 908 2480 908 2477 908 2473 908 2406 931 2379 908 2376 908 2373 908 2255 908 2252 908 2249 908 2245 908 2208 938 2212 1018"/></Shape>
	    <String CONTENT="Ainʃi entra Bertranẟ ꝺeꝺens"
                    HPOS="2208"
                    VPOS="904"
                    WIDTH="1334"
                    HEIGHT="145"></String>
          </TextLine>

          
          
          <TextLine ID="eSc_line_0c099a76"
                    TAGREFS="LT4789"
                    BASELINE="1116 1136 2101 1129" 
                    HPOS="1112"
                    VPOS="1035"
                    WIDTH="989"
                    HEIGHT="154">
            <Shape><Polygon POINTS="1116 1136 1116 1156 1199 1186 1203 1186 1206 1186 1210 1186 1253 1166 1280 1186 1283 1186 1287 1186 1290 1186 1293 1186 1297 1186 1297 1183 1320 1163 1354 1186 1357 1186 1360 1186 1364 1189 1454 1189 1454 1186 1458 1186 1461 1186 1461 1183 1491 1156 1642 1156 1732 1183 1736 1183 1739 1183 1743 1183 1813 1156 1987 1183 1991 1183 1994 1183 2101 1149 2101 1129 2098 1062 2027 1035 2024 1035 2021 1035 2017 1035 2014 1035 1977 1062 1783 1062 1665 1035 1662 1035 1659 1035 1548 1062 1199 1039 1196 1039 1193 1039 1112 1065 1116 1136"/></Shape>
	    <String CONTENT="eʃchappa ꝺe loʃt et pꝛit"
                    HPOS="1112"
                    VPOS="1035"
                    WIDTH="989"
                    HEIGHT="154"></String>
          </TextLine>

          
          
          <TextLine ID="eSc_line_e4c0c537"
                    TAGREFS="LT4789"
                    BASELINE="2218 1129 3539 1122" 
                    HPOS="2215"
                    VPOS="1039"
                    WIDTH="1324"
                    HEIGHT="137">
            <Shape><Polygon POINTS="2218 1129 2218 1159 2942 1173 2946 1173 2949 1173 2953 1173 2953 1169 2969 1156 2973 1152 3103 1152 3107 1152 3123 1169 3123 1173 3127 1173 3130 1173 3134 1173 3207 1156 3224 1169 3224 1173 3227 1173 3231 1173 3234 1176 3408 1176 3408 1173 3536 1149 3539 1122 3532 1059 3003 1039 2999 1039 2996 1039 2963 1055 2896 1039 2892 1039 2889 1039 2886 1039 2882 1039 2882 1042 2879 1042 2865 1059 2530 1042 2527 1042 2523 1042 2467 1059 2245 1045 2242 1045 2239 1045 2235 1045 2215 1055 2218 1129"/></Shape>
	    <String CONTENT="regnes ꝺont ceulx ꝺe ʃon ligna"
                    HPOS="2215"
                    VPOS="1039"
                    WIDTH="1324"
                    HEIGHT="137"></String>
          </TextLine>

          
          
          <TextLine ID="eSc_line_f8f3a790"
                    TAGREFS="LT4789"
                    BASELINE="965 1253 2091 1250" 
                    HPOS="962"
                    VPOS="1156"
                    WIDTH="1129"
                    HEIGHT="144">
            <Shape><Polygon POINTS="965 1253 968 1293 1025 1276 1092 1293 1132 1300 1136 1300 1927 1276 2004 1276 2058 1300 2061 1300 2064 1300 2068 1300 2071 1300 2071 1297 2091 1276 2091 1250 2081 1156 1783 1186 1749 1166 1736 1156 1732 1156 1729 1156 1726 1156 1722 1156 1696 1166 1659 1183 1642 1169 1625 1156 1622 1156 1618 1156 1615 1156 1471 1176 1424 1179 1411 1176 1344 1156 1340 1156 1337 1156 1334 1156 1330 1156 1330 1159 1307 1179 1300 1186 1273 1179 1153 1156 1149 1156 1146 1156 1143 1156 1143 1159 1112 1186 1112 1189 962 1189 965 1253"/></Shape>
	    <String CONTENT="ʃon chemũ ẟꝛoit a nãteʃ"
                    HPOS="962"
                    VPOS="1156"
                    WIDTH="1129"
                    HEIGHT="144"></String>
          </TextLine>

          
          
          <TextLine ID="eSc_line_1712c57d"
                    TAGREFS="LT4789"
                    BASELINE="2205 1250 3542 1240" 
                    HPOS="2202"
                    VPOS="1142"
                    WIDTH="1340"
                    HEIGHT="148">
            <Shape><Polygon POINTS="2205 1250 2205 1290 2326 1270 2530 1283 2604 1287 2607 1287 2611 1287 2627 1280 2668 1266 2705 1280 2731 1287 2735 1287 2738 1287 2842 1276 2919 1266 2932 1273 2963 1287 2966 1287 2969 1287 2973 1287 3033 1270 3053 1266 3120 1266 3475 1283 3479 1283 3482 1283 3542 1256 3542 1240 3536 1176 3382 1176 3358 1156 3355 1156 3351 1156 3348 1156 3258 1173 3197 1142 3194 1142 3191 1142 3187 1142 3080 1176 3030 1146 3026 1146 3023 1146 3020 1146 3016 1146 2936 1176 2909 1149 2909 1146 2906 1146 2902 1146 2755 1146 2751 1146 2748 1146 2745 1146 2711 1176 2634 1149 2631 1149 2627 1149 2624 1149 2567 1173 2530 1149 2527 1149 2523 1149 2520 1149 2443 1166 2423 1149 2420 1149 2416 1149 2413 1149 2410 1149 2406 1149 2363 1179 2279 1156 2275 1156 2272 1156 2269 1156 2202 1179 2205 1250"/></Shape>
	    <String CONTENT="ge et ẟe la ville ʃe reʃtouirent"
                    HPOS="2202"
                    VPOS="1142"
                    WIDTH="1340"
                    HEIGHT="148"></String>
          </TextLine>

          
          
          <TextLine ID="eSc_line_51e655b8"
                    TAGREFS="LT4789"
                    BASELINE="764 1354 2088 1364" 
                    HPOS="760"
                    VPOS="1260"
                    WIDTH="1328"
                    HEIGHT="147">
            <Shape><Polygon POINTS="764 1354 760 1380 814 1400 817 1400 821 1400 1122 1384 1203 1404 1206 1404 1210 1404 1434 1387 1753 1407 1756 1407 1967 1390 2004 1407 2007 1407 2011 1407 2014 1407 2084 1387 2088 1364 2088 1293 2048 1266 2044 1266 2041 1266 1977 1266 1974 1266 1970 1266 1967 1266 1967 1270 1947 1287 1927 1270 1927 1266 1924 1266 1920 1266 1850 1266 1846 1266 1843 1266 1840 1266 1840 1270 1806 1297 1417 1280 1414 1280 1233 1293 1220 1293 1216 1293 1119 1260 1116 1260 1112 1260 1109 1260 1025 1280 995 1260 992 1260 988 1260 985 1260 982 1260 978 1260 938 1290 827 1260 824 1260 821 1260 817 1260 764 1283 764 1354"/></Shape>
	    <String CONTENT="Et le lẽꝺemaĩ trouva en ʃõ che"
                    HPOS="760"
                    VPOS="1260"
                    WIDTH="1328"
                    HEIGHT="147"></String>
          </TextLine>

          
          
          <TextLine ID="eSc_line_2a8b48da"
                    TAGREFS="LT4789"
                    BASELINE="2212 1367 3546 1360" 
                    HPOS="2208"
                    VPOS="1266"
                    WIDTH="1338"
                    HEIGHT="138">
            <Shape><Polygon POINTS="2212 1367 2212 1387 2872 1404 2875 1404 2879 1404 2916 1387 3506 1400 3509 1400 3512 1400 3546 1380 3546 1360 3542 1293 3469 1266 3465 1266 3462 1266 3184 1290 3063 1266 3060 1266 3056 1266 3003 1290 2922 1276 2919 1276 2825 1293 2761 1270 2758 1270 2755 1270 2751 1270 2748 1270 2748 1273 2725 1297 2617 1297 2554 1270 2550 1270 2547 1270 2544 1270 2500 1293 2433 1270 2430 1270 2426 1270 2208 1297 2212 1367"/></Shape>
	    <String CONTENT="moult. ẟe ce ʃceut toʃt nouuelles"
                    HPOS="2208"
                    VPOS="1266"
                    WIDTH="1338"
                    HEIGHT="138"></String>
          </TextLine>

          
          
          <TextLine ID="eSc_line_cece53d7"
                    TAGREFS="LT4789"
                    BASELINE="757 1481 2094 1481" 
                    HPOS="757"
                    VPOS="1380"
                    WIDTH="1337"
                    HEIGHT="145">
            <Shape><Polygon POINTS="757 1481 757 1504 921 1525 925 1525 1109 1508 1253 1525 1256 1525 2094 1504 2094 1481 2094 1414 1823 1414 1773 1387 1769 1387 1766 1387 1763 1387 1759 1387 1759 1390 1732 1414 1635 1414 1585 1380 1582 1380 1578 1380 1575 1380 1277 1411 1210 1380 1206 1380 972 1380 968 1380 965 1380 921 1404 888 1380 884 1380 881 1380 878 1380 874 1380 757 1411 757 1481"/></Shape>
	    <String CONTENT="min .U. ẟu gueʃclin et ʃes com"
                    HPOS="757"
                    VPOS="1380"
                    WIDTH="1337"
                    HEIGHT="145"></String>
          </TextLine>

          
          
          <TextLine ID="eSc_line_78eab656"
                    TAGREFS="LT4789"
                    BASELINE="2208 1478 3542 1478" 
                    HPOS="2208"
                    VPOS="1387"
                    WIDTH="1334"
                    HEIGHT="117">
            <Shape><Polygon POINTS="2208 1478 2208 1504 3542 1504 3542 1478 3542 1404 3519 1387 3516 1387 3512 1387 3509 1387 3506 1387 3435 1411 3251 1411 3207 1387 3204 1387 3201 1387 3197 1387 3194 1387 3194 1390 3174 1411 3016 1411 2922 1387 2919 1387 2916 1387 2912 1387 2892 1407 2825 1387 2822 1387 2818 1387 2815 1387 2812 1387 2788 1411 2711 1411 2651 1387 2648 1387 2644 1387 2641 1387 2637 1387 2637 1390 2617 1411 2416 1411 2346 1387 2342 1387 2339 1387 2336 1387 2332 1387 2302 1407 2239 1387 2235 1387 2232 1387 2229 1387 2225 1387 2208 1400 2208 1478"/></Shape>
	    <String CONTENT="le duc ꝺe lanclaʃtre qui moult"
                    HPOS="2208"
                    VPOS="1387"
                    WIDTH="1334"
                    HEIGHT="117"></String>
          </TextLine>

          
          
          <TextLine ID="eSc_line_b4f89cd7"
                    TAGREFS="LT4789"
                    BASELINE="750 1592 2088 1598" 
                    HPOS="747"
                    VPOS="1494"
                    WIDTH="1341"
                    HEIGHT="151">
            <Shape><Polygon POINTS="750 1592 747 1625 951 1642 955 1642 958 1642 1005 1625 1025 1618 1139 1618 1146 1625 1163 1638 1163 1642 1166 1642 1169 1642 1173 1642 1176 1642 1246 1622 1253 1622 1263 1622 1330 1642 1334 1642 1337 1642 1340 1642 1344 1642 1367 1622 1374 1618 1387 1622 1441 1638 1444 1638 1448 1638 1451 1638 1498 1622 1501 1622 1508 1622 1645 1638 1649 1638 1652 1638 1655 1638 1682 1622 1870 1645 1873 1645 1877 1645 1950 1622 2051 1642 2054 1642 2058 1642 2061 1642 2084 1618 2088 1598 2081 1498 2001 1521 1900 1498 1887 1498 1883 1498 1880 1498 1873 1501 1816 1521 1779 1501 1773 1498 1769 1498 1766 1498 1763 1498 1759 1498 1756 1501 1729 1525 1592 1525 1561 1504 1555 1498 1551 1498 1548 1498 1545 1498 1541 1498 1515 1504 1458 1521 1414 1508 1377 1494 1374 1494 1370 1494 1367 1494 1327 1508 1300 1518 1283 1508 1256 1494 1253 1494 1163 1494 1159 1494 1156 1494 1153 1494 1153 1498 1139 1511 1129 1518 1109 1511 1052 1494 1049 1494 1045 1494 1042 1494 992 1511 978 1518 965 1514 921 1494 918 1494 915 1494 911 1494 908 1494 881 1514 871 1518 750 1518 750 1592"/></Shape>
	    <String CONTENT="paignõs q̃ loʃt ẟu ẟuc aloyẽt eʃ"
                    HPOS="747"
                    VPOS="1494"
                    WIDTH="1341"
                    HEIGHT="151"></String>
          </TextLine>

          
          
          <TextLine ID="eSc_line_5e372ce6"
                    TAGREFS="LT4789"
                    BASELINE="2205 1595 3542 1588" 
                    HPOS="2202"
                    VPOS="1494"
                    WIDTH="1340"
                    HEIGHT="144">
            <Shape><Polygon POINTS="2205 1595 2205 1618 2296 1638 2299 1638 2872 1618 2912 1635 2916 1635 2919 1635 3016 1618 3425 1635 3429 1635 3542 1612 3542 1588 3529 1494 3462 1525 3284 1525 3264 1501 3258 1498 3258 1494 3254 1494 3251 1494 3184 1494 3180 1494 3177 1494 3174 1494 3174 1498 3164 1504 3147 1518 3130 1504 3127 1501 3123 1501 3120 1501 3050 1494 3046 1494 3043 1494 3040 1494 3020 1508 3006 1514 2983 1508 2929 1494 2926 1494 2922 1494 2919 1494 2889 1511 2859 1528 2735 1528 2721 1514 2705 1501 2705 1498 2701 1498 2698 1498 2694 1498 2691 1498 2611 1518 2587 1525 2577 1518 2544 1498 2540 1498 2537 1498 2534 1498 2530 1498 2470 1521 2346 1498 2342 1498 2339 1498 2336 1498 2336 1501 2316 1521 2202 1528 2205 1595"/></Shape>
	    <String CONTENT="en fut ẟoulent . Et vit ƃien quil"
                    HPOS="2202"
                    VPOS="1494"
                    WIDTH="1340"
                    HEIGHT="144"></String>
          </TextLine>

          
          
          <TextLine ID="eSc_line_7f952a39"
                    TAGREFS="LT4789"
                    BASELINE="744 1712 2084 1712" 
                    HPOS="744"
                    VPOS="1615"
                    WIDTH="1340"
                    HEIGHT="134">
            <Shape><Polygon POINTS="744 1712 744 1749 2084 1736 2084 1712 2084 1632 2044 1615 2041 1615 2037 1615 1873 1635 1846 1638 1840 1635 1813 1615 1810 1615 1806 1615 1655 1615 1652 1615 1649 1615 1645 1615 1645 1618 1622 1635 1618 1642 1330 1642 1327 1638 1270 1615 1267 1615 1263 1615 1260 1615 1256 1615 1256 1618 1233 1638 1233 1642 744 1642 744 1712"/></Shape>
	    <String CONTENT="piant tantoʃt cognent Bertrãẟ"
                    HPOS="744"
                    VPOS="1615"
                    WIDTH="1340"
                    HEIGHT="134"></String>
          </TextLine>

          
          
          <TextLine ID="eSc_line_c22c01e9"
                    TAGREFS="LT4789"
                    BASELINE="2208 1716 3532 1702" 
                    HPOS="2205"
                    VPOS="1612"
                    WIDTH="1327"
                    HEIGHT="144">
            <Shape><Polygon POINTS="2208 1716 2208 1736 2245 1756 2249 1756 2252 1756 2255 1756 2319 1739 2818 1752 2822 1752 2825 1752 2882 1732 2889 1732 2909 1732 3060 1749 3063 1749 3532 1729 3532 1702 3526 1612 3465 1612 3462 1612 3459 1612 3455 1612 3455 1615 3429 1642 3073 1642 3030 1628 3013 1622 3010 1622 3006 1622 2946 1628 2839 1645 2758 1645 2751 1635 2735 1622 2735 1618 2731 1618 2728 1618 2668 1618 2664 1618 2661 1618 2658 1618 2658 1622 2637 1642 2631 1645 2570 1642 2229 1622 2225 1622 2222 1622 2218 1622 2218 1625 2215 1625 2205 1635 2208 1716"/></Shape>
	    <String CONTENT="fut ẟeceu. Loꝛs retourna en ʃõ"
                    HPOS="2205"
                    VPOS="1612"
                    WIDTH="1327"
                    HEIGHT="144"></String>
          </TextLine>

          
          
          <TextLine ID="eSc_line_73d2885a"
                    TAGREFS="LT4789"
                    BASELINE="744 1826 2074 1819" 
                    HPOS="740"
                    VPOS="1732"
                    WIDTH="1334"
                    HEIGHT="144">
            <Shape><Polygon POINTS="744 1826 744 1853 1035 1853 1039 1853 1089 1873 1092 1873 1096 1873 1246 1853 1250 1853 1253 1853 1324 1873 1327 1873 1330 1876 1330 1873 1334 1873 1407 1853 1796 1870 1799 1870 1917 1850 1947 1870 1950 1870 1954 1870 1957 1870 2071 1846 2074 1819 2071 1756 2037 1732 2034 1732 2031 1732 2027 1732 2024 1732 1950 1759 1561 1759 1448 1732 1444 1732 1441 1732 1347 1762 1246 1762 1206 1736 1203 1736 1199 1736 1196 1736 1193 1736 1106 1756 760 1736 757 1736 754 1736 750 1736 750 1739 747 1739 740 1746 744 1826"/></Shape>
	    <String CONTENT="le bourgois qui luy compta cõ-"
                    HPOS="740"
                    VPOS="1732"
                    WIDTH="1334"
                    HEIGHT="144"
                    WC="0.9876468066246279"></String>
          </TextLine>

          
          
          <TextLine ID="eSc_line_d76d1d6a"
                    TAGREFS="LT4789"
                    BASELINE="2215 1830 3536 1816" 
                    HPOS="2212"
                    VPOS="1726"
                    WIDTH="1324"
                    HEIGHT="150">
            <Shape><Polygon POINTS="2215 1830 2215 1863 2376 1876 2379 1876 2383 1876 2386 1876 2406 1863 2416 1853 2684 1853 2698 1856 2731 1870 2735 1870 2738 1870 2855 1856 2879 1853 2896 1853 2989 1870 2993 1870 2996 1870 2999 1870 2999 1866 3016 1853 3020 1850 3050 1853 3197 1866 3201 1866 3204 1866 3244 1850 3254 1846 3278 1850 3385 1863 3388 1863 3532 1843 3536 1816 3529 1752 3388 1752 3348 1726 3345 1726 3341 1726 3338 1726 3335 1726 3251 1749 3204 1726 3201 1726 3197 1726 3194 1726 3191 1726 3191 1729 3164 1752 3033 1729 3030 1729 3026 1729 3023 1729 2993 1752 2852 1759 2782 1759 2751 1732 2748 1732 2745 1732 2741 1732 2624 1756 2550 1732 2547 1732 2544 1732 2540 1732 2430 1759 2242 1736 2239 1736 2235 1736 2232 1736 2232 1739 2212 1756 2215 1830"/></Shape>
	    <String CONTENT="ʃiege et ẟe plus en plus le tint a"
                    HPOS="2212"
                    VPOS="1726"
                    WIDTH="1324"
                    HEIGHT="150"></String>
          </TextLine>

          
          
          <TextLine ID="eSc_line_303ea4cb"
                    TAGREFS="LT4789"
                    BASELINE="744 1943 2084 1940" 
                    HPOS="740"
                    VPOS="1846"
                    WIDTH="1344"
                    HEIGHT="151">
            <Shape><Polygon POINTS="744 1943 744 1967 827 1987 831 1987 834 1987 837 1987 858 1967 861 1967 925 1994 928 1994 931 1994 935 1994 995 1967 998 1967 1049 1994 1052 1994 1055 1994 1059 1994 1062 1994 1102 1967 1189 1967 1317 1967 1330 1967 1521 1994 1525 1994 1528 1994 1531 1994 1565 1967 1629 1994 1632 1994 1635 1997 1806 1997 1806 1994 2081 1964 2084 1940 2081 1880 2044 1860 2041 1860 2037 1860 1759 1876 1716 1853 1712 1853 1709 1853 1706 1853 1702 1853 1702 1856 1675 1880 1548 1880 1474 1846 1471 1846 1468 1846 1464 1846 1461 1846 1424 1876 1347 1860 1344 1860 1230 1876 1196 1850 1196 1846 1193 1846 1189 1846 1186 1846 1183 1846 1139 1870 1109 1846 1106 1846 1102 1846 894 1846 891 1846 888 1846 884 1846 851 1873 740 1880 744 1943"/></Shape>
	    <String CONTENT="me Il eʃtoit a ceulx ꝺe regnes et"
                    HPOS="740"
                    VPOS="1846"
                    WIDTH="1344"
                    HEIGHT="151"></String>
          </TextLine>

          
          
          <TextLine ID="eSc_line_772188cc"
                    TAGREFS="LT4789"
                    BASELINE="2208 1943 3539 1937" 
                    HPOS="2205"
                    VPOS="1843"
                    WIDTH="1334"
                    HEIGHT="127">
            <Shape><Polygon POINTS="2208 1943 2208 1970 3536 1964 3539 1937 3536 1870 3459 1843 3455 1843 3452 1843 3093 1866 2999 1843 2996 1843 2993 1843 2989 1843 2986 1843 2986 1846 2963 1870 2842 1873 2715 1873 2691 1850 2691 1846 2688 1846 2684 1846 2681 1846 2537 1870 2490 1846 2487 1846 2483 1846 2480 1846 2426 1870 2393 1846 2389 1846 2386 1846 2383 1846 2292 1863 2259 1846 2255 1846 2252 1846 2249 1846 2245 1846 2205 1866 2208 1943"/></Shape>
	    <String CONTENT="ẟeʃtroit. Quant Bertranẟ fut"
                    HPOS="2205"
                    VPOS="1843"
                    WIDTH="1334"
                    HEIGHT="127"></String>
          </TextLine>

          
          
          <TextLine ID="eSc_line_8b49cc56"
                    TAGREFS="LT4789"
                    BASELINE="747 2054 2084 2061" 
                    HPOS="744"
                    VPOS="1970"
                    WIDTH="1340"
                    HEIGHT="134">
            <Shape><Polygon POINTS="747 2054 744 2078 868 2101 871 2101 1380 2088 1411 2104 1414 2104 1417 2104 1421 2104 2081 2084 2084 2061 2084 1990 2054 1974 2051 1974 2048 1974 2044 1974 1675 1990 1662 1990 1659 1990 1595 1974 1592 1974 1588 1974 1441 1990 1427 1990 1424 1990 1407 1974 1407 1970 1404 1970 1401 1970 1397 1970 1394 1970 1344 1987 1199 1970 1196 1970 747 1984 747 2054"/></Shape>
	    <String CONTENT="comme il auoit parle au ẟuc et"
                    HPOS="744"
                    VPOS="1970"
                    WIDTH="1340"
                    HEIGHT="134"></String>
          </TextLine>

          
          
          <TextLine ID="eSc_line_2fe14adb"
                    TAGREFS="LT4789"
                    BASELINE="2202 2064 3542 2054" 
                    HPOS="2198"
                    VPOS="1964"
                    WIDTH="1344"
                    HEIGHT="140">
            <Shape><Polygon POINTS="2202 2064 2202 2088 2446 2104 2450 2104 3013 2084 3026 2084 3080 2101 3083 2101 3087 2101 3539 2078 3542 2054 3532 1980 3432 1984 3418 1980 3378 1964 3375 1964 3372 1964 3368 1964 3321 1980 3311 1984 3298 1980 3227 1964 3224 1964 3221 1964 3217 1964 3174 1984 3170 1984 3164 1984 3093 1964 3090 1964 3087 1964 3083 1964 3043 1984 3036 1987 3016 1984 2912 1967 2909 1967 2906 1967 2902 1967 2882 1987 2879 1987 2815 1987 2376 1974 2373 1974 2369 1974 2322 1990 2239 1974 2235 1974 2232 1974 2198 1987 2202 2064"/></Shape>
	    <String CONTENT="en regnes atout les vivres char"
                    HPOS="2198"
                    VPOS="1964"
                    WIDTH="1344"
                    HEIGHT="140"></String>
          </TextLine>

          
          
          <TextLine ID="eSc_line_94b16a7c"
                    TAGREFS="LT4789"
                    BASELINE="750 2178 1545 2178" 
                    HPOS="750"
                    VPOS="2084"
                    WIDTH="795"
                    HEIGHT="131">
            <Shape><Polygon POINTS="750 2178 750 2215 1545 2202 1545 2178 1545 2111 1387 2091 1384 2091 1139 2108 1126 2108 1122 2108 1092 2084 1089 2084 1086 2084 1082 2084 1079 2084 1035 2101 972 2084 968 2084 965 2084 962 2084 901 2108 898 2108 891 2108 770 2084 767 2084 764 2084 760 2084 760 2088 750 2098 750 2178"/></Shape>
	    <String CONTENT="ʃen aloit a nantes."
                    HPOS="750"
                    VPOS="2084"
                    WIDTH="795"
                    HEIGHT="131"></String>
          </TextLine>

          
          
          <TextLine ID="eSc_line_849db4fc"
                    TAGREFS="LT4789"
                    BASELINE="2208 2171 3536 2165" 
                    HPOS="2205"
                    VPOS="2078"
                    WIDTH="1331"
                    HEIGHT="140">
            <Shape><Polygon POINTS="2208 2171 2208 2198 2698 2218 2701 2218 3147 2195 3174 2195 3177 2195 3194 2212 3197 2212 3201 2212 3408 2215 3412 2215 3532 2191 3536 2165 3529 2104 3408 2104 3385 2081 3385 2078 3382 2078 3378 2078 3375 2078 3248 2098 3217 2078 3214 2078 3211 2078 3207 2078 3204 2078 3164 2101 3144 2081 3144 2078 3140 2078 3137 2078 3083 2078 3080 2078 3077 2078 3073 2078 3073 2081 3050 2104 2986 2104 2889 2078 2886 2078 2882 2078 2879 2078 2815 2104 2654 2081 2651 2081 2648 2081 2644 2081 2611 2104 2493 2088 2490 2088 2406 2104 2332 2081 2329 2081 2326 2081 2205 2108 2208 2171"/></Shape>
	    <String CONTENT="rois et priʃonniers il ẟeʃlivra"
                    HPOS="2205"
                    VPOS="2078"
                    WIDTH="1331"
                    HEIGHT="140"></String>
          </TextLine>

          
          
          <TextLine ID="eSc_line_da63ff18"
                    TAGREFS="LT4789"
                    BASELINE="2208 2289 3529 2289" 
                    HPOS="2208"
                    VPOS="2205"
                    WIDTH="1321"
                    HEIGHT="117">
            <Shape><Polygon POINTS="2208 2289 2208 2322 3529 2312 3529 2289 3529 2228 3033 2228 2926 2205 2922 2205 2919 2205 2875 2228 2711 2228 2641 2205 2637 2205 2634 2205 2386 2225 2235 2205 2232 2205 2229 2205 2225 2205 2208 2218 2208 2289"/></Shape>
	    <String CONTENT="ʃans ranʃon paier tous mar."
                    HPOS="2208"
                    VPOS="2205"
                    WIDTH="1321"
                    HEIGHT="117"></String>
          </TextLine>

          
          
          <TextLine ID="eSc_line_1847f3a0"
                    TAGREFS="LT4789"
                    BASELINE="2202 2406 3536 2399" 
                    HPOS="2198"
                    VPOS="2312"
                    WIDTH="1338"
                    HEIGHT="141">
            <Shape><Polygon POINTS="2202 2406 2202 2433 2252 2433 2255 2433 2272 2450 2272 2453 2275 2453 2279 2453 2282 2453 2286 2453 2289 2453 2316 2433 2319 2433 2366 2433 2812 2453 2815 2453 2818 2453 2889 2433 3405 2450 3408 2450 3532 2426 3536 2399 3529 2339 3194 2339 3144 2312 3140 2312 3137 2312 3134 2312 3130 2312 3093 2339 2939 2339 2869 2312 2865 2312 2862 2312 2859 2312 2772 2342 2671 2342 2631 2316 2627 2316 2624 2316 2621 2316 2373 2336 2255 2316 2252 2316 2249 2316 2198 2339 2202 2406"/></Shape>
	    <String CONTENT="chans eʃtrangiers qui avoyent"
                    HPOS="2198"
                    VPOS="2312"
                    WIDTH="1338"
                    HEIGHT="141"></String>
          </TextLine>

          
          
          <TextLine ID="eSc_line_214f08ac"
                    TAGREFS="LT4789"
                    BASELINE="1193 2523 2068 2517" 
                    HPOS="1189"
                    VPOS="2403"
                    WIDTH="879"
                    HEIGHT="161">
            <Shape><Polygon POINTS="1193 2523 1193 2543 1397 2543 1401 2543 1454 2564 1458 2564 1461 2564 1679 2560 1682 2560 1726 2540 1756 2560 1759 2560 1763 2560 1766 2564 2021 2564 2021 2560 2024 2560 2068 2537 2068 2517 2064 2446 1994 2406 1991 2406 1987 2406 1984 2406 1920 2440 1913 2443 1903 2440 1796 2403 1793 2403 1789 2403 1786 2403 1783 2403 1783 2406 1753 2433 1743 2443 1659 2443 1645 2429 1635 2419 1635 2416 1632 2416 1629 2416 1625 2416 1622 2416 1602 2426 1558 2450 1397 2450 1364 2416 1357 2409 1357 2406 1354 2406 1350 2406 1347 2406 1189 2406 1193 2523"/></Shape>
	    <String CONTENT="Le matin chevau-"
                    HPOS="1189"
                    VPOS="2403"
                    WIDTH="879"
                    HEIGHT="161"></String>
          </TextLine>

          
          
          <TextLine ID="eSc_line_05be9e0a"
                    TAGREFS="LT4789"
                    BASELINE="2198 2520 3536 2520" 
                    HPOS="2198"
                    VPOS="2433"
                    WIDTH="1338"
                    HEIGHT="134">
            <Shape><Polygon POINTS="2198 2520 2198 2547 2500 2547 2517 2560 2517 2564 2520 2564 2523 2564 2527 2567 2782 2567 2782 2564 2785 2564 2788 2564 2805 2547 2862 2564 2865 2564 2869 2564 2872 2564 2926 2547 2946 2564 2949 2564 2953 2564 2956 2564 3382 2547 3435 2564 3439 2564 3442 2564 3536 2543 3536 2520 3536 2450 3509 2433 3506 2433 3502 2433 3412 2433 3408 2433 3405 2433 3402 2433 3402 2436 3382 2453 3278 2433 3274 2433 3120 2453 3100 2436 3100 2433 3097 2433 3093 2433 2959 2433 2956 2433 2953 2433 2949 2433 2949 2436 2929 2456 2661 2456 2634 2433 2631 2433 2627 2433 2534 2433 2530 2433 2527 2433 2523 2433 2523 2436 2503 2456 2198 2456 2198 2520"/></Shape>
	    <String CONTENT="amene vivres en loʃt et ꝺes vi-"
                    HPOS="2198"
                    VPOS="2433"
                    WIDTH="1338"
                    HEIGHT="134"></String>
          </TextLine>

          
          
          <TextLine ID="eSc_line_c2fb85e2"
                    TAGREFS="LT4789"
                    BASELINE="891 2637 1072 2637" 
                    HPOS="891"
                    VPOS="2564"
                    WIDTH="181"
                    HEIGHT="87">
            <Shape><Polygon POINTS="891 2637 891 2651 1072 2651 1072 2637 1069 2564 891 2564 891 2637"/></Shape>
	    <String CONTENT=""
                    HPOS="891"
                    VPOS="2564"
                    WIDTH="181"
                    HEIGHT="87"></String>
          </TextLine>

          
          
          <TextLine ID="eSc_line_6092939c"
                    TAGREFS="LT4789"
                    BASELINE="1193 2634 2068 2637" 
                    HPOS="1189"
                    VPOS="2540"
                    WIDTH="879"
                    HEIGHT="137">
            <Shape><Polygon POINTS="1193 2634 1189 2654 1267 2677 1270 2677 1273 2677 1384 2661 1401 2674 1401 2677 1404 2677 1407 2677 1411 2677 1414 2677 1478 2661 1561 2677 1565 2677 2064 2657 2068 2637 2068 2567 2024 2540 2021 2540 2017 2540 2014 2540 1873 2564 1813 2540 1810 2540 1806 2540 1803 2540 1799 2540 1763 2570 1726 2570 1585 2570 1582 2567 1545 2540 1541 2540 1538 2540 1535 2540 1531 2540 1471 2567 1427 2540 1424 2540 1421 2540 1417 2540 1414 2540 1411 2540 1367 2567 1364 2567 1280 2540 1277 2540 1273 2540 1270 2540 1267 2540 1267 2543 1240 2567 1236 2567 1193 2567 1193 2634"/></Shape>
	    <String CONTENT="cha le ẟuc ꝺe lancla"
                    HPOS="1189"
                    VPOS="2540"
                    WIDTH="879"
                    HEIGHT="137"></String>
          </TextLine>

          
          
          <TextLine ID="eSc_line_8ac61cbf"
                    TAGREFS="LT4789"
                    BASELINE="2198 2637 3536 2631" 
                    HPOS="2195"
                    VPOS="2553"
                    WIDTH="1341"
                    HEIGHT="128">
            <Shape><Polygon POINTS="2198 2637 2198 2664 2859 2681 2862 2681 2969 2661 2986 2661 3026 2661 3311 2677 3315 2677 3532 2657 3536 2631 3529 2574 3033 2574 3003 2553 2999 2553 2996 2553 2993 2553 2839 2574 2225 2560 2222 2560 2218 2560 2215 2560 2195 2570 2198 2637"/></Shape>
	    <String CONTENT="ures quilᴣ a voyent ameneᴣ au"
                    HPOS="2195"
                    VPOS="2553"
                    WIDTH="1341"
                    HEIGHT="128"></String>
          </TextLine>

          
          
          <TextLine ID="eSc_line_52c582ed"
                    TAGREFS="LT4789"
                    BASELINE="1166 2758 2071 2745" 
                    HPOS="1163"
                    VPOS="2647"
                    WIDTH="908"
                    HEIGHT="151">
            <Shape><Polygon POINTS="1166 2758 1166 2778 1330 2778 1337 2778 1380 2798 1384 2798 1387 2798 1391 2798 1451 2778 1458 2778 1461 2778 1515 2795 1518 2795 1521 2795 1525 2795 1572 2778 1585 2775 1602 2778 1655 2791 1659 2791 1662 2791 2068 2775 2071 2745 2061 2681 1927 2681 1860 2647 1856 2647 1853 2647 1850 2647 1846 2647 1846 2651 1823 2677 1753 2681 1719 2654 1719 2651 1716 2651 1712 2651 1655 2651 1652 2651 1649 2651 1645 2651 1588 2684 1558 2657 1558 2654 1555 2654 1551 2654 1548 2654 1545 2654 1458 2681 1387 2654 1384 2654 1380 2654 1377 2654 1374 2654 1374 2657 1340 2691 1196 2657 1193 2657 1189 2657 1186 2657 1186 2661 1163 2681 1166 2758"/></Shape>
	    <String CONTENT="ʃtre ʃur le chemin. ꝺe"
                    HPOS="1163"
                    VPOS="2647"
                    WIDTH="908"
                    HEIGHT="151"></String>
          </TextLine>

          
          
          <TextLine ID="eSc_line_db874d6d"
                    TAGREFS="LT4789"
                    BASELINE="2202 2751 3539 2751" 
                    HPOS="2202"
                    VPOS="2661"
                    WIDTH="1337"
                    HEIGHT="137">
            <Shape><Polygon POINTS="2202 2751 2202 2778 2644 2798 2648 2798 2651 2798 2698 2781 2755 2798 2758 2798 2761 2798 2845 2781 2999 2798 3003 2798 3539 2778 3539 2751 3539 2688 3120 2688 3026 2661 3023 2661 3020 2661 3016 2661 2946 2684 2892 2661 2889 2661 2886 2661 2882 2661 2879 2661 2845 2684 2792 2661 2788 2661 2785 2661 2782 2661 2718 2684 2664 2661 2661 2661 2658 2661 2654 2661 2651 2661 2617 2684 2554 2661 2550 2661 2547 2661 2544 2661 2493 2684 2436 2661 2433 2661 2430 2661 2426 2661 2423 2661 2423 2664 2403 2684 2299 2684 2242 2661 2239 2661 2235 2661 2232 2661 2229 2661 2202 2677 2202 2751"/></Shape>
	    <String CONTENT="iour ꝺe la p̾nʃe. les fit payer par"
                    HPOS="2202"
                    VPOS="2661"
                    WIDTH="1337"
                    HEIGHT="137"></String>
          </TextLine>

          
          
          <TextLine ID="eSc_line_59b049bf"
                    TAGREFS="LT4789"
                    BASELINE="693 2869 2078 2858" 
                    HPOS="690"
                    VPOS="2771"
                    WIDTH="1388"
                    HEIGHT="138">
            <Shape><Polygon POINTS="690 2815 693 2869 693 2899 1468 2909 1471 2909 1474 2909 1548 2889 1578 2909 1582 2909 1585 2909 1588 2909 1592 2909 1649 2885 1652 2885 1655 2885 1692 2902 1696 2902 1699 2905 1937 2905 1937 2902 2078 2879 2078 2858 2071 2798 1890 2791 1873 2775 1873 2771 1870 2771 1867 2771 1863 2771 1860 2771 1806 2788 1722 2771 1719 2771 1716 2771 1669 2795 1578 2775 1575 2775 1572 2775 1568 2775 1535 2798 1461 2775 1458 2775 1454 2775 1347 2795 1210 2775 1206 2775 1203 2775 1199 2775 1199 2778 1176 2798 945 2785 941 2785 690 2805 690 2815"/></Shape>
	    <String CONTENT="nantes en ẽʃperãce ꝺe rẽcontrer"
                    HPOS="690"
                    VPOS="2771"
                    WIDTH="1388"
                    HEIGHT="138"></String>
          </TextLine>

          
          
          <TextLine ID="eSc_line_e41bd763"
                    TAGREFS="LT4789"
                    BASELINE="2202 2869 3529 2862" 
                    HPOS="2198"
                    VPOS="2775"
                    WIDTH="1331"
                    HEIGHT="140">
            <Shape><Polygon POINTS="2202 2869 2202 2892 2406 2912 2410 2912 2413 2912 2416 2912 2416 2909 2436 2892 2601 2892 2621 2909 2621 2912 2624 2912 2627 2912 2631 2915 2741 2915 2741 2912 2745 2912 2802 2895 2855 2909 2859 2909 2862 2909 2865 2909 2869 2909 2896 2889 2899 2889 2963 2905 2966 2905 2969 2905 3187 2889 3207 2905 3211 2905 3214 2905 3486 2909 3489 2909 3492 2909 3496 2909 3529 2885 3529 2862 3526 2801 3472 2775 3469 2775 3465 2775 3462 2775 3459 2775 3418 2798 3318 2798 3294 2775 3291 2775 3288 2775 3284 2775 3281 2775 3278 2775 3244 2801 3160 2801 3097 2775 3093 2775 3090 2775 3087 2775 3083 2775 3083 2778 3063 2798 2963 2798 2896 2775 2892 2775 2889 2775 2886 2775 2882 2775 2845 2805 2580 2805 2500 2778 2497 2778 2493 2778 2490 2778 2443 2801 2366 2778 2363 2778 2359 2778 2198 2805 2202 2869"/></Shape>
	    <String CONTENT="ceulx ꝺe regnes mais aincois"
                    HPOS="2198"
                    VPOS="2775"
                    WIDTH="1331"
                    HEIGHT="140"></String>
          </TextLine>

          
          
          <TextLine ID="eSc_line_c53ef2dc"
                    TAGREFS="LT4789"
                    BASELINE="747 2986 2081 2979" 
                    HPOS="744"
                    VPOS="2882"
                    WIDTH="1337"
                    HEIGHT="151">
            <Shape><Polygon POINTS="747 2986 747 3019 935 3013 968 3019 1032 3033 1035 3033 1039 3033 1042 3033 1065 3019 1079 3013 1183 3013 1199 3016 1236 3029 1240 3029 1243 3029 1246 3029 1297 3016 1317 3013 1337 3016 1397 3033 1401 3033 1404 3033 1498 3016 1515 3013 1525 3016 1561 3029 1565 3029 1568 3029 1572 3029 1575 3029 1598 3016 1605 3009 1612 3013 1632 3029 1635 3029 1639 3029 1642 3029 1645 3029 1649 3029 1672 3013 1679 3009 1696 3013 1756 3029 1759 3029 1763 3029 1766 3029 1806 3013 1816 3009 1850 3013 1987 3029 1991 3029 2078 3009 2081 2979 2078 2912 2031 2882 2027 2882 2024 2882 1954 2882 1950 2882 1947 2882 1944 2882 1907 2909 1846 2882 1843 2882 1840 2882 1836 2882 1833 2882 1833 2885 1806 2909 1722 2909 1696 2885 1696 2882 1692 2882 1689 2882 1639 2882 1635 2882 1632 2882 1629 2882 1629 2885 1598 2915 1518 2915 1478 2885 1474 2885 1471 2885 1468 2885 1464 2885 1364 2919 1246 2919 1216 2889 1216 2885 1213 2885 1210 2885 1206 2885 1203 2885 1199 2885 1159 2919 978 2919 905 2885 901 2885 770 2885 767 2885 764 2885 760 2885 760 2889 757 2889 744 2902 747 2986"/></Shape>
	    <String CONTENT="frãcoys. Et en ʃon ʃiege laiʃʃa"
                    HPOS="744"
                    VPOS="2882"
                    WIDTH="1337"
                    HEIGHT="151"></String>
          </TextLine>

          
          
          <TextLine ID="eSc_line_099f3682"
                    TAGREFS="LT4789"
                    BASELINE="2198 2986 3532 2979" 
                    HPOS="2195"
                    VPOS="2892"
                    WIDTH="1337"
                    HEIGHT="134">
            <Shape><Polygon POINTS="2198 2986 2198 3009 2389 3009 2393 3009 2433 3026 2436 3026 2440 3026 2517 3009 2520 3009 2523 3009 2584 3026 2587 3026 2591 3026 2989 3006 3013 3006 3016 3006 3087 3023 3090 3023 3093 3023 3191 3006 3496 3023 3499 3023 3502 3023 3506 3023 3532 3003 3532 2979 3529 2919 3475 2892 3472 2892 3469 2892 3465 2892 3395 2919 3281 2919 3221 2892 3217 2892 3214 2892 3211 2892 3207 2892 3207 2895 3187 2912 3164 2899 3160 2899 3157 2899 3154 2899 2728 2919 2218 2895 2215 2895 2212 2895 2208 2895 2208 2899 2205 2899 2195 2905 2198 2986"/></Shape>
	    <String CONTENT="leur fit pꝛomectre que jamais"
                    HPOS="2195"
                    VPOS="2892"
                    WIDTH="1337"
                    HEIGHT="134"></String>
          </TextLine>

          
          
          <TextLine ID="eSc_line_63ce4f10"
                    TAGREFS="LT4789"
                    BASELINE="750 3100 2081 3100" 
                    HPOS="750"
                    VPOS="3009"
                    WIDTH="1331"
                    HEIGHT="118">
            <Shape><Polygon POINTS="750 3100 750 3127 2081 3127 2081 3100 2078 3009 1954 3026 1528 3016 1223 3009 1220 3009 1216 3009 1213 3009 1213 3013 1203 3019 1196 3029 750 3029 750 3100"/></Shape>
	    <String CONTENT="tentes pauillons et charroys vi"
                    HPOS="750"
                    VPOS="3009"
                    WIDTH="1331"
                    HEIGHT="118"></String>
          </TextLine>

          
          
          <TextLine ID="eSc_line_f8b6c66d"
                    TAGREFS="LT4789"
                    BASELINE="2202 3100 3512 3093" 
                    HPOS="2198"
                    VPOS="3006"
                    WIDTH="1314"
                    HEIGHT="121">
            <Shape><Polygon POINTS="2202 3100 2202 3127 3509 3120 3512 3093 3509 3029 3489 3009 3489 3006 3486 3006 3482 3006 3479 3006 3375 3029 2802 3033 2708 3033 2688 3013 2688 3009 2684 3009 2681 3009 2678 3009 2580 3029 2557 3009 2554 3009 2550 3009 2547 3009 2406 3026 2339 3009 2336 3009 2332 3009 2198 3033 2202 3100"/></Shape>
	    <String CONTENT="en loʃt ẟu ẟuc namenroyent vi"
                    HPOS="2198"
                    VPOS="3006"
                    WIDTH="1314"
                    HEIGHT="121"></String>
          </TextLine>

          
          
          <TextLine ID="eSc_line_38917673"
                    TAGREFS="LT4789"
                    BASELINE="747 3220 2081 3210" 
                    HPOS="744"
                    VPOS="3123"
                    WIDTH="1337"
                    HEIGHT="138">
            <Shape><Polygon POINTS="747 3220 747 3244 1099 3261 1102 3261 1367 3241 1387 3241 1404 3241 1578 3257 1582 3257 1585 3257 1588 3257 1618 3241 1997 3254 2001 3254 2004 3254 2081 3234 2081 3210 2078 3140 2048 3123 2044 3123 2041 3123 2037 3123 1629 3143 1293 3127 1290 3127 1287 3127 1283 3127 1256 3147 1055 3147 1032 3130 1029 3130 1025 3130 1022 3130 744 3150 747 3220"/></Shape>
	    <String CONTENT="ures et gens ẟarmes pour le ʃie"
                    HPOS="744"
                    VPOS="3123"
                    WIDTH="1337"
                    HEIGHT="138"></String>
          </TextLine>

          
          
          <TextLine ID="eSc_line_828da558"
                    TAGREFS="LT4789"
                    BASELINE="2202 3217 3539 3210" 
                    HPOS="2198"
                    VPOS="3123"
                    WIDTH="1341"
                    HEIGHT="134">
            <Shape><Polygon POINTS="2202 3217 2202 3241 2564 3241 2574 3241 2654 3257 2658 3257 2855 3241 2906 3237 2936 3241 3023 3254 3026 3254 3536 3237 3539 3210 3532 3150 3452 3150 3429 3127 3429 3123 3425 3123 3422 3123 3418 3123 3415 3123 3365 3150 2865 3150 2842 3127 2842 3123 2839 3123 2835 3123 2832 3123 2829 3123 2775 3140 2738 3123 2735 3123 2731 3123 2728 3123 2725 3123 2698 3143 2637 3123 2634 3123 2631 3123 2627 3123 2624 3123 2607 3140 2587 3123 2584 3123 2580 3123 2477 3123 2473 3123 2470 3123 2467 3123 2467 3127 2440 3150 2332 3133 2329 3133 2198 3153 2202 3217"/></Shape>
	    <String CONTENT="ures. Ce fait les envoya au ẟuc"
                    HPOS="2198"
                    VPOS="3123"
                    WIDTH="1341"
                    HEIGHT="134"></String>
          </TextLine>

          
          
          <TextLine ID="eSc_line_9dd60525"
                    TAGREFS="LT4789"
                    BASELINE="747 3344 2088 3328" 
                    HPOS="744"
                    VPOS="3227"
                    WIDTH="1344"
                    HEIGHT="154">
            <Shape><Polygon POINTS="747 3344 747 3381 2088 3351 2088 3328 2084 3254 2041 3227 2037 3227 2034 3227 2031 3227 2027 3227 1957 3254 1833 3254 1806 3231 1803 3231 1799 3231 1796 3231 1793 3231 1789 3231 1789 3234 1759 3261 1669 3261 1629 3234 1625 3234 1622 3234 1618 3234 1615 3234 1541 3264 1370 3264 1283 3234 1280 3234 1277 3234 744 3271 747 3344"/></Shape>
	    <String CONTENT="ge garẟer Bertranẟ qui par le"
                    HPOS="744"
                    VPOS="3227"
                    WIDTH="1344"
                    HEIGHT="154"></String>
          </TextLine>

          
          
          <TextLine ID="eSc_line_89199a3e"
                    TAGREFS="LT4789"
                    BASELINE="2202 3331 3532 3331" 
                    HPOS="2202"
                    VPOS="3241"
                    WIDTH="1330"
                    HEIGHT="134">
            <Shape><Polygon POINTS="2202 3331 2202 3355 2497 3375 2500 3375 2597 3358 2624 3375 2627 3375 2631 3375 2634 3375 2758 3358 3331 3358 3415 3375 3418 3375 3532 3355 3532 3331 3526 3241 3429 3267 3251 3267 3211 3247 3197 3241 3194 3241 3191 3241 3187 3241 3184 3241 3177 3247 3150 3267 3030 3267 2949 3251 2882 3241 2879 3241 2875 3241 2872 3241 2859 3254 2842 3267 2601 3267 2570 3257 2487 3241 2483 3241 2480 3241 2477 3241 2477 3244 2456 3261 2450 3267 2383 3267 2376 3264 2319 3241 2316 3241 2312 3241 2202 3264 2202 3331"/></Shape>
	    <String CONTENT="et les charga ꝺe dire au ẟuc quil"
                    HPOS="2202"
                    VPOS="3241"
                    WIDTH="1330"
                    HEIGHT="134"></String>
          </TextLine>

          
          
          <TextLine ID="eSc_line_c9e67ba1"
                    TAGREFS="LT4789"
                    BASELINE="754 3455 2081 3442" 
                    HPOS="750"
                    VPOS="3358"
                    WIDTH="1331"
                    HEIGHT="137">
            <Shape><Polygon POINTS="754 3455 754 3479 1079 3495 1082 3495 1166 3475 1176 3475 1186 3475 1277 3492 1280 3492 2081 3465 2081 3442 2074 3375 1786 3358 1783 3358 1622 3375 1541 3358 1538 3358 1535 3358 1531 3358 1505 3375 1437 3358 1434 3358 1431 3358 1427 3358 1374 3378 1226 3361 1223 3361 1220 3361 1216 3361 1216 3365 1199 3381 1075 3381 774 3365 770 3365 767 3365 764 3365 764 3368 750 3378 754 3455"/></Shape>
	    <String CONTENT="bourgoys ʃceut le ẟepartement"
                    HPOS="750"
                    VPOS="3358"
                    WIDTH="1331"
                    HEIGHT="137"></String>
          </TextLine>

          
          
          <TextLine ID="eSc_line_e090514c"
                    TAGREFS="LT4789"
                    BASELINE="2205 3448 3539 3448" 
                    HPOS="2205"
                    VPOS="3358"
                    WIDTH="1334"
                    HEIGHT="117">
            <Shape><Polygon POINTS="2205 3448 2205 3475 3539 3472 3539 3448 3539 3381 3248 3358 3244 3358 3241 3358 3237 3358 3214 3381 3117 3381 3050 3358 3046 3358 3043 3358 3040 3358 3036 3358 3036 3361 3016 3381 2956 3381 2909 3358 2906 3358 2902 3358 2899 3358 2896 3358 2872 3378 2798 3358 2795 3358 2792 3358 2788 3358 2728 3381 2306 3381 2239 3358 2235 3358 2232 3358 2229 3358 2225 3358 2205 3371 2205 3448"/></Shape>
	    <String CONTENT="ʃe recommanẟoit a luy . Et que"
                    HPOS="2205"
                    VPOS="3358"
                    WIDTH="1334"
                    HEIGHT="117"></String>
          </TextLine>

          
          
          <TextLine ID="eSc_line_30a6dce4"
                    TAGREFS="LT4789"
                    BASELINE="754 3569 2078 3559" 
                    HPOS="750"
                    VPOS="3465"
                    WIDTH="1328"
                    HEIGHT="144">
            <Shape><Polygon POINTS="754 3569 754 3592 1082 3592 1106 3609 1109 3609 1112 3609 1116 3609 1119 3609 1166 3592 1521 3606 1525 3606 1960 3586 2048 3603 2051 3603 2054 3603 2058 3603 2078 3582 2078 3559 2071 3489 1836 3489 1756 3465 1753 3465 1749 3465 1746 3465 1743 3465 1712 3485 1659 3465 1655 3465 1652 3465 1649 3465 1645 3465 1645 3468 1622 3489 1548 3468 1545 3468 1541 3468 1538 3468 1474 3489 1454 3472 1454 3468 1451 3468 1448 3468 1444 3468 1441 3468 1397 3485 1317 3468 1313 3468 1310 3468 1230 3489 1196 3468 1193 3468 1189 3468 1186 3468 1183 3468 1089 3492 945 3472 941 3472 837 3492 780 3472 777 3472 774 3472 770 3472 767 3472 767 3475 750 3489 754 3569"/></Shape>
	    <String CONTENT="ẟu ẟuc vint feriꝛ ʃur le ʃiege en"
                    HPOS="750"
                    VPOS="3465"
                    WIDTH="1328"
                    HEIGHT="144"></String>
          </TextLine>

          
          
          <TextLine ID="eSc_line_1bfb381c"
                    TAGREFS="LT4789"
                    BASELINE="2208 3569 3536 3559" 
                    HPOS="2205"
                    VPOS="3468"
                    WIDTH="1331"
                    HEIGHT="138">
            <Shape><Polygon POINTS="2208 3569 2208 3606 3532 3586 3536 3559 3532 3492 3486 3468 3482 3468 3479 3468 3475 3468 3425 3489 3328 3468 3325 3468 3321 3468 3318 3468 3288 3492 3157 3492 3093 3468 3090 3468 3087 3468 3083 3468 3026 3492 2882 3472 2879 3472 2875 3472 2825 3492 2654 3479 2651 3479 2547 3495 2487 3475 2483 3475 2480 3475 2477 3475 2473 3475 2473 3479 2453 3495 2239 3482 2235 3482 2232 3482 2229 3482 2205 3492 2208 3569"/></Shape>
	    <String CONTENT="pour ʃon coꝛps les ƃiens ꝺe la"
                    HPOS="2205"
                    VPOS="3468"
                    WIDTH="1331"
                    HEIGHT="138"></String>
          </TextLine>

          
          
          <TextLine ID="eSc_line_b3611be9"
                    TAGREFS="LT4789"
                    BASELINE="747 3690 2074 3670" 
                    HPOS="744"
                    VPOS="3572"
                    WIDTH="1330"
                    HEIGHT="161">
            <Shape><Polygon POINTS="747 3690 747 3713 992 3713 1065 3733 1069 3733 1072 3733 1075 3733 1153 3713 1176 3733 1179 3733 1183 3733 1186 3733 1189 3733 1250 3710 1354 3727 1357 3727 1360 3727 1364 3727 1364 3723 1380 3706 1508 3706 1625 3727 1629 3727 2074 3693 2074 3670 2068 3599 1887 3572 1883 3572 1880 3572 1877 3572 1877 3576 1853 3596 1810 3579 1806 3579 1803 3579 1799 3579 1739 3603 1689 3576 1686 3576 1682 3576 1679 3576 1675 3576 1675 3579 1649 3603 1528 3579 1525 3579 1521 3579 1468 3606 1437 3592 1434 3592 1431 3592 1337 3609 1334 3609 1307 3586 1307 3582 1303 3582 1300 3582 1203 3582 1199 3582 1196 3582 1116 3613 1112 3613 1102 3613 995 3596 992 3596 988 3596 925 3616 921 3616 918 3616 861 3589 858 3589 854 3589 744 3616 747 3690"/></Shape>
	    <String CONTENT="criant gueʃclin et illee ʃe ẟeffen-"
                    HPOS="744"
                    VPOS="3572"
                    WIDTH="1330"
                    HEIGHT="161"></String>
          </TextLine>

          
          
          <TextLine ID="eSc_line_20bba75b"
                    TAGREFS="LT4789"
                    BASELINE="2212 3683 3542 3676" 
                    HPOS="2208"
                    VPOS="3582"
                    WIDTH="1334"
                    HEIGHT="128">
            <Shape><Polygon POINTS="2212 3683 2212 3710 3539 3703 3542 3676 3536 3613 3422 3586 3418 3586 3415 3586 3345 3613 2936 3613 2875 3582 2872 3582 2869 3582 2865 3582 2862 3582 2862 3586 2835 3613 2245 3586 2242 3586 2239 3586 2235 3586 2235 3589 2208 3609 2212 3683"/></Shape>
	    <String CONTENT="ville eʃtoyent a ʃon commanẟe."
                    HPOS="2208"
                    VPOS="3582"
                    WIDTH="1334"
                    HEIGHT="128"></String>
          </TextLine>

          
          
          <TextLine ID="eSc_line_92a9a905"
                    TAGREFS="LT4789"
                    BASELINE="754 3800 2081 3794" 
                    HPOS="750"
                    VPOS="3696"
                    WIDTH="1331"
                    HEIGHT="155">
            <Shape><Polygon POINTS="754 3800 754 3824 1059 3824 1062 3824 1092 3847 1096 3847 1099 3847 1102 3851 1220 3851 1220 3847 1223 3847 1263 3827 1511 3844 1515 3844 1880 3820 2031 3844 2034 3844 2037 3844 2041 3844 2081 3817 2081 3794 2078 3723 2021 3696 2017 3696 2014 3696 2011 3696 1944 3723 1588 3723 1558 3696 1555 3696 1551 3696 1434 3696 1431 3696 1427 3696 1424 3696 1424 3700 1397 3723 1334 3700 1330 3700 1327 3700 1324 3700 1320 3700 1320 3703 1297 3723 1246 3700 1243 3700 1240 3700 1236 3700 1186 3727 898 3727 851 3700 848 3700 844 3700 841 3700 750 3727 754 3800"/></Shape>
	    <String CONTENT="ẟirent anglois ¶ Quant ceulx"
                    HPOS="750"
                    VPOS="3696"
                    WIDTH="1331"
                    HEIGHT="155"></String>
          </TextLine>

          
          
          <TextLine ID="eSc_line_ebd1a0a7"
                    TAGREFS="LT4789"
                    BASELINE="2208 3797 3549 3797" 
                    HPOS="2208"
                    VPOS="3706"
                    WIDTH="1341"
                    HEIGHT="114">
            <Shape><Polygon POINTS="2208 3797 2208 3820 3549 3820 3549 3797 3549 3730 3177 3706 3174 3706 3170 3706 3167 3706 3167 3710 3147 3730 2989 3730 2882 3706 2879 3706 2875 3706 2872 3706 2872 3710 2855 3727 2574 3727 2503 3706 2500 3706 2497 3706 2493 3706 2490 3706 2490 3710 2473 3727 2430 3710 2426 3710 2423 3710 2208 3727 2208 3797"/></Shape>
	    <String CONTENT="ment. les marchans vinẟrent"
                    HPOS="2208"
                    VPOS="3706"
                    WIDTH="1341"
                    HEIGHT="114"></String>
          </TextLine>

          
          
          <TextLine ID="eSc_line_dc626d4a"
                    TAGREFS="LT4789"
                    BASELINE="757 3914 2081 3901" 
                    HPOS="754"
                    VPOS="3817"
                    WIDTH="1327"
                    HEIGHT="144">
            <Shape><Polygon POINTS="757 3914 757 3941 1002 3961 1005 3961 1139 3938 1153 3938 1159 3938 1223 3958 1226 3958 1230 3958 1394 3938 1448 3954 1451 3954 1454 3954 1538 3938 1712 3951 1716 3951 1816 3931 1830 3931 1840 3931 1950 3951 1954 3954 1954 3951 2078 3928 2081 3901 2074 3837 1991 3817 1987 3817 1984 3817 1924 3837 1404 3841 1387 3827 1387 3824 1384 3824 1380 3824 1377 3824 965 3844 774 3827 770 3827 767 3827 764 3827 764 3830 760 3830 754 3834 757 3914"/></Shape>
	    <String CONTENT="ẟe regnes qui le ꝺepartemeut ʃa-"
                    HPOS="754"
                    VPOS="3817"
                    WIDTH="1327"
                    HEIGHT="144"></String>
          </TextLine>

          
          
          <TextLine ID="eSc_line_dce3b5de"
                    TAGREFS="LT4789"
                    BASELINE="2212 3911 3546 3911" 
                    HPOS="2212"
                    VPOS="3820"
                    WIDTH="1334"
                    HEIGHT="134">
            <Shape><Polygon POINTS="2212 3911 2212 3934 2507 3954 2510 3954 3546 3934 3546 3911 3546 3841 3469 3820 3465 3820 3462 3820 3459 3820 3392 3841 3331 3820 3328 3820 3325 3820 2999 3841 2929 3820 2926 3820 2922 3820 2919 3820 2916 3820 2892 3844 2818 3844 2792 3820 2788 3820 2785 3820 2782 3820 2705 3837 2648 3820 2644 3820 2641 3820 2637 3820 2634 3820 2601 3844 2436 3844 2376 3820 2373 3820 2369 3820 2212 3841 2212 3911"/></Shape>
	    <String CONTENT="au ẟuc puis luy cõpterent ẟe ber"
                    HPOS="2212"
                    VPOS="3820"
                    WIDTH="1334"
                    HEIGHT="134"></String>
          </TextLine>

          
          
          <TextLine ID="eSc_line_722606aa"
                    TAGREFS="LT4789"
                    BASELINE="754 4038 2091 4025" 
                    HPOS="750"
                    VPOS="3938"
                    WIDTH="1341"
                    HEIGHT="144">
            <Shape><Polygon POINTS="754 4038 754 4055 935 4082 938 4082 941 4082 1022 4058 1344 4068 1347 4068 1461 4052 1639 4075 1642 4075 1645 4075 1649 4075 1686 4052 1746 4075 1749 4075 1753 4075 1756 4075 1803 4052 1863 4072 1867 4072 1870 4072 2091 4042 2091 4025 2084 3961 1585 3938 1582 3938 1474 3961 1434 3941 1431 3941 1427 3941 1424 3941 1377 3965 1364 3951 1364 3948 1360 3948 1357 3948 1354 3948 1350 3948 1293 3961 1263 3941 1260 3941 1256 3941 1253 3941 1159 3958 1089 3941 1086 3941 1082 3941 1079 3941 1075 3941 1075 3944 1072 3944 1059 3965 1032 3951 1029 3951 1025 3951 750 3971 754 4038"/></Shape>
	    <String CONTENT="uoyent ẟu ẟuc et anʃʃi que Ber"
                    HPOS="750"
                    VPOS="3938"
                    WIDTH="1341"
                    HEIGHT="144"></String>
          </TextLine>

          
          
          <TextLine ID="eSc_line_047ef240"
                    TAGREFS="LT4789"
                    BASELINE="2212 4025 3539 4025" 
                    HPOS="2212"
                    VPOS="3941"
                    WIDTH="1327"
                    HEIGHT="131">
            <Shape><Polygon POINTS="2212 4025 2212 4052 2661 4052 2681 4068 2681 4072 2684 4072 2688 4072 2691 4072 2818 4052 2842 4072 2845 4072 2849 4072 2852 4072 2973 4052 3137 4072 3140 4072 3144 4072 3211 4052 3301 4072 3304 4072 3539 4048 3539 4025 3536 3941 3442 3958 3207 3944 3127 3941 3123 3941 3120 3941 3117 3941 3113 3944 3097 3961 2574 3961 2540 3954 2433 3941 2430 3941 2212 3958 2212 4025"/></Shape>
	    <String CONTENT="tranẟ et ce que par eulx luy mã"
                    HPOS="2212"
                    VPOS="3941"
                    WIDTH="1327"
                    HEIGHT="131"></String>
          </TextLine>

          
          
          <TextLine ID="eSc_line_3fc52da7"
                    TAGREFS="LT4789"
                    BASELINE="757 4152 2088 4139" 
                    HPOS="754"
                    VPOS="4048"
                    WIDTH="1334"
                    HEIGHT="144">
            <Shape><Polygon POINTS="757 4152 757 4176 998 4192 1002 4192 1096 4172 1109 4172 1136 4172 1273 4186 1277 4186 1494 4169 1525 4169 1541 4169 1675 4186 1679 4186 1682 4186 1686 4186 1686 4182 1702 4169 1944 4182 1947 4182 2084 4162 2088 4139 2081 4072 1907 4048 1903 4048 1900 4048 1853 4068 1786 4052 1783 4052 1779 4052 1776 4052 1773 4052 1739 4075 1521 4075 1464 4052 1461 4052 1458 4052 1454 4052 1404 4075 1260 4055 1256 4055 1253 4055 1189 4075 935 4058 931 4058 754 4082 757 4152"/></Shape>
	    <String CONTENT="trãs ʃe combatoit aux anglois"
                    HPOS="754"
                    VPOS="4048"
                    WIDTH="1334"
                    HEIGHT="144"></String>
          </TextLine>

          
          
          <TextLine ID="eSc_line_e291c169"
                    TAGREFS="LT4789"
                    BASELINE="2215 4146 3542 4139" 
                    HPOS="2212"
                    VPOS="4042"
                    WIDTH="1330"
                    HEIGHT="144">
            <Shape><Polygon POINTS="2215 4146 2215 4169 2849 4186 2852 4186 3016 4166 3030 4166 3033 4166 3063 4182 3067 4182 3070 4182 3073 4182 3127 4166 3130 4166 3150 4166 3486 4182 3489 4182 3492 4182 3542 4162 3542 4139 3539 4072 3489 4042 3486 4042 3482 4042 3479 4042 3475 4042 3392 4075 3231 4075 3197 4045 3194 4045 3191 4045 3187 4045 3184 4045 3137 4072 3087 4042 3083 4042 3080 4042 3077 4042 3073 4042 3020 4072 2993 4045 2993 4042 2989 4042 2986 4042 2936 4042 2932 4042 2929 4042 2926 4042 2865 4078 2812 4078 2782 4048 2782 4045 2778 4045 2775 4045 2772 4045 2768 4045 2715 4072 2661 4045 2658 4045 2654 4045 2651 4045 2648 4045 2648 4048 2614 4078 2540 4078 2510 4048 2510 4045 2507 4045 2503 4045 2406 4045 2403 4045 2399 4045 2342 4075 2259 4045 2255 4045 2252 4045 2249 4045 2245 4045 2212 4072 2215 4146"/></Shape>
	    <String CONTENT="ẟa. Moult le priʃa le ẟuc. Et"
                    HPOS="2212"
                    VPOS="4042"
                    WIDTH="1330"
                    HEIGHT="144"></String>
          </TextLine>

          
          
          <TextLine ID="eSc_line_b5027325"
                    TAGREFS="LT4789"
                    BASELINE="757 4270 2091 4253" 
                    HPOS="754"
                    VPOS="4169"
                    WIDTH="1337"
                    HEIGHT="141">
            <Shape><Polygon POINTS="757 4270 757 4286 1018 4310 1022 4310 1025 4310 1075 4286 1183 4303 1186 4303 1397 4283 1521 4303 1525 4303 1826 4276 2048 4293 2051 4293 2054 4293 2058 4293 2091 4273 2091 4253 2084 4189 1940 4172 1937 4172 1367 4192 1290 4169 1287 4169 1283 4169 1280 4169 1277 4169 1246 4192 1233 4182 1233 4179 1230 4179 1226 4179 1018 4172 1015 4172 1012 4172 921 4199 787 4176 784 4176 780 4176 777 4176 777 4179 754 4196 757 4270"/></Shape>
	    <String CONTENT="ilᴣ yʃʃirent ẟe regnes et entre."
                    HPOS="754"
                    VPOS="4169"
                    WIDTH="1337"
                    HEIGHT="141"></String>
          </TextLine>

          
          
          <TextLine ID="eSc_line_aeab1ccd"
                    TAGREFS="LT4789"
                    BASELINE="2215 4259 3549 4259" 
                    HPOS="2215"
                    VPOS="4166"
                    WIDTH="1334"
                    HEIGHT="137">
            <Shape><Polygon POINTS="2215 4259 2215 4283 2309 4303 2312 4303 2316 4303 2386 4286 2410 4303 2413 4303 2416 4303 2420 4303 2547 4286 2815 4303 2818 4303 3549 4283 3549 4259 3549 4189 3455 4166 3452 4166 2922 4186 2812 4166 2808 4166 2805 4166 2802 4166 2802 4169 2782 4189 2637 4189 2577 4166 2574 4166 2570 4166 2567 4166 2564 4166 2564 4169 2544 4189 2420 4189 2399 4169 2399 4166 2396 4166 2393 4166 2259 4166 2255 4166 2252 4166 2215 4182 2215 4259"/></Shape>
	    <String CONTENT="ẟiʃt que jamais cueur ẟe telle lar"
                    HPOS="2215"
                    VPOS="4166"
                    WIDTH="1334"
                    HEIGHT="137"></String>
          </TextLine>

          
          
          <TextLine ID="eSc_line_1a9c62a3"
                    TAGREFS="LT4789"
                    BASELINE="757 4380 2088 4370" 
                    HPOS="754"
                    VPOS="4276"
                    WIDTH="1334"
                    HEIGHT="151">
            <Shape><Polygon POINTS="757 4380 757 4404 1196 4427 1199 4427 1203 4427 1267 4407 1531 4424 1535 4424 1538 4424 1595 4400 1789 4400 1893 4420 1897 4420 2088 4394 2088 4370 2084 4303 2024 4276 2021 4276 2017 4276 2014 4276 1974 4300 1954 4280 1954 4276 1950 4276 1947 4276 1944 4276 1940 4276 1873 4296 1803 4276 1799 4276 1796 4276 1793 4276 1789 4276 1789 4280 1769 4300 1736 4286 1732 4286 1729 4286 1588 4303 1525 4280 1521 4280 1518 4280 1515 4280 1444 4303 1421 4283 1421 4280 1417 4280 1414 4280 1360 4280 1357 4280 1354 4280 1350 4280 1350 4283 1327 4306 1189 4306 1112 4283 1109 4283 1106 4283 1102 4283 1099 4283 1099 4286 1075 4310 754 4310 757 4380"/></Shape>
	    <String CONTENT="rent au ʃiege. La furent ãglois"
                    HPOS="754"
                    VPOS="4276"
                    WIDTH="1334"
                    HEIGHT="151"></String>
          </TextLine>

          
          
          <TextLine ID="eSc_line_f76b56bb"
                    TAGREFS="LT4789"
                    BASELINE="2202 4377 3553 4377" 
                    HPOS="2202"
                    VPOS="4286"
                    WIDTH="1351"
                    HEIGHT="124">
            <Shape><Polygon POINTS="2202 4377 2202 4410 3553 4404 3553 4377 3553 4306 3522 4286 3519 4286 3516 4286 3512 4286 3398 4310 3284 4286 3281 4286 3278 4286 3227 4313 2932 4313 2882 4286 2879 4286 2875 4286 2872 4286 2812 4313 2550 4313 2346 4286 2342 4286 2202 4310 2202 4377"/></Shape>
	    <String CONTENT="geʃʃe ne pourroit mauvaiʃemẽt"
                    HPOS="2202"
                    VPOS="4286"
                    WIDTH="1351"
                    HEIGHT="124"></String>
          </TextLine>

          
          
          <TextLine ID="eSc_line_4ec4b24e"
                    TAGREFS="LT4789"
                    BASELINE="764 4507 2091 4491" 
                    HPOS="760"
                    VPOS="4394"
                    WIDTH="1331"
                    HEIGHT="144">
            <Shape><Polygon POINTS="764 4507 764 4538 1082 4521 1260 4528 1441 4534 1444 4534 1448 4534 1451 4534 1468 4521 1478 4518 1541 4521 1709 4531 1712 4531 1856 4514 1887 4511 1907 4511 2048 4528 2051 4528 2054 4528 2091 4507 2091 4491 2084 4417 1984 4417 1957 4394 1954 4394 1950 4394 1947 4394 1944 4394 1903 4414 1789 4397 1786 4397 1783 4397 1779 4397 1753 4417 1642 4404 1639 4404 1531 4420 1290 4400 1287 4400 1143 4424 1025 4404 1022 4404 1018 4404 968 4424 787 4407 784 4407 780 4407 777 4407 777 4410 760 4424 764 4507"/></Shape>
	    <String CONTENT="ʃurprins. Et les tentes ꝺu ẟuc"
                    HPOS="760"
                    VPOS="4394"
                    WIDTH="1331"
                    HEIGHT="144"></String>
          </TextLine>

          
          
          <TextLine ID="eSc_line_768086c9"
                    TAGREFS="LT4789"
                    BASELINE="2218 4494 3536 4484" 
                    HPOS="2215"
                    VPOS="4397"
                    WIDTH="1321"
                    HEIGHT="141">
            <Shape><Polygon POINTS="2218 4494 2218 4521 2235 4538 2239 4538 2242 4538 2245 4538 2346 4514 2353 4514 2584 4514 2587 4518 2607 4534 2607 4538 2611 4538 2614 4538 2617 4538 2718 4518 2758 4511 2808 4518 2902 4534 2906 4534 3080 4531 3083 4531 3087 4531 3087 4528 3097 4521 3110 4507 3137 4521 3150 4528 3154 4528 3157 4528 3532 4524 3536 4484 3532 4424 3502 4400 3499 4400 3496 4400 3492 4400 3489 4400 3442 4424 3294 4397 3291 4397 3288 4397 3224 4424 3221 4427 3060 4427 2919 4417 2808 4410 2805 4410 2802 4410 2788 4414 2761 4427 2745 4414 2741 4410 2738 4410 2735 4410 2731 4410 2694 4414 2570 4430 2540 4410 2537 4407 2534 4407 2530 4407 2527 4407 2523 4407 2510 4410 2453 4430 2433 4414 2433 4410 2430 4410 2426 4410 2215 4407 2218 4494"/></Shape>
	    <String CONTENT="finer et que encoꝛes paʃʃeroit"
                    HPOS="2215"
                    VPOS="4397"
                    WIDTH="1321"
                    HEIGHT="141"></String>
          </TextLine>

          
          
          <TextLine ID="eSc_line_f86b92cd"
                    TAGREFS="LT4789"
                    BASELINE="767 4618 2094 4605" 
                    HPOS="764"
                    VPOS="4507"
                    WIDTH="1330"
                    HEIGHT="138">
            <Shape><Polygon POINTS="767 4618 767 4638 2048 4645 2051 4645 2054 4645 2094 4625 2094 4605 2088 4541 1967 4538 1940 4511 1940 4507 1937 4507 1934 4507 1930 4507 1719 4541 1538 4524 1535 4524 1531 4524 1474 4541 1424 4514 1421 4514 1417 4514 1414 4514 1411 4514 1367 4541 1253 4541 1139 4514 1136 4514 1132 4514 1129 4514 1086 4548 908 4544 868 4518 864 4518 861 4518 858 4518 854 4518 764 4551 767 4618"/></Shape>
	    <String CONTENT="vivres charrois et pauillons"
                    HPOS="764"
                    VPOS="4507"
                    WIDTH="1330"
                    HEIGHT="138"></String>
          </TextLine>

          
          
          <TextLine ID="eSc_line_d9d0d954"
                    TAGREFS="LT4789"
                    BASELINE="2222 4611 3536 4601" 
                    HPOS="2218"
                    VPOS="4511"
                    WIDTH="1318"
                    HEIGHT="141">
            <Shape><Polygon POINTS="2222 4611 2222 4628 2591 4645 2594 4645 2597 4645 2668 4628 2775 4645 2778 4645 2896 4628 2916 4645 2916 4648 2919 4648 2922 4648 2926 4652 3016 4652 3016 4648 3020 4648 3023 4648 3050 4628 3097 4645 3100 4645 3103 4648 3506 4648 3506 4645 3509 4645 3512 4645 3536 4625 3536 4601 3529 4541 3348 4511 3345 4511 3341 4511 3248 4538 3134 4511 3130 4511 3127 4511 3123 4511 3083 4544 2996 4544 2929 4514 2926 4514 2922 4514 2919 4514 2916 4514 2916 4518 2889 4541 2681 4524 2678 4524 2674 4524 2671 4524 2648 4541 2617 4518 2614 4518 2611 4518 2607 4518 2453 4538 2242 4518 2239 4518 2235 4518 2232 4518 2232 4521 2229 4521 2218 4531 2222 4611"/></Shape>
	    <String CONTENT="bertranẟ tous les chevaliers"
                    HPOS="2218"
                    VPOS="4511"
                    WIDTH="1318"
                    HEIGHT="141"></String>
          </TextLine>

          
          
          <TextLine ID="eSc_line_fac1ed8f"
                    TAGREFS="LT4789"
                    BASELINE="750 4739 2101 4722" 
                    HPOS="747"
                    VPOS="4628"
                    WIDTH="1354"
                    HEIGHT="144">
            <Shape><Polygon POINTS="750 4739 750 4772 1300 4749 1451 4756 1642 4766 1645 4766 1649 4766 1652 4766 1672 4749 1675 4749 1696 4766 1699 4766 1702 4766 1706 4766 1980 4742 2014 4762 2017 4762 2021 4762 2024 4762 2027 4762 2101 4735 2101 4722 2098 4652 2011 4628 2007 4628 2004 4628 2001 4628 1917 4648 1863 4628 1860 4628 1856 4628 1853 4628 1850 4628 1810 4655 1806 4655 1796 4655 1692 4632 1689 4632 1686 4632 1682 4632 1682 4635 1659 4655 1575 4638 1572 4638 1568 4638 1525 4658 1518 4658 1515 4658 1451 4635 1448 4635 1444 4635 1344 4658 1290 4638 1287 4638 1283 4638 1280 4638 1223 4662 1220 4662 1199 4662 962 4642 958 4642 955 4642 905 4665 901 4668 747 4668 750 4739"/></Shape>
	    <String CONTENT="guaignes et mis en la cite ẟe"
                    HPOS="747"
                    VPOS="4628"
                    WIDTH="1354"
                    HEIGHT="144"></String>
          </TextLine>

          
          
          <TextLine ID="eSc_line_d1111f66"
                    TAGREFS="LT4789"
                    BASELINE="2229 4725 3553 4715" 
                    HPOS="2225"
                    VPOS="4632"
                    WIDTH="1328"
                    HEIGHT="134">
            <Shape><Polygon POINTS="2229 4725 2229 4752 2996 4766 2999 4766 3003 4766 3070 4749 3093 4766 3097 4766 3100 4766 3103 4766 3549 4742 3553 4715 3549 4655 3499 4632 3496 4632 3492 4632 3489 4632 3435 4655 3067 4655 3023 4635 3020 4635 3016 4635 3013 4635 2949 4655 2808 4635 2805 4635 2802 4635 2798 4635 2798 4638 2778 4655 2580 4638 2577 4638 2574 4638 2510 4658 2242 4638 2239 4638 2235 4638 2232 4638 2232 4642 2229 4642 2225 4642 2229 4725"/></Shape>
	    <String CONTENT="ẟu monẟe et foꝛt ʃe ꝺementa ẟe"
                    HPOS="2225"
                    VPOS="4632"
                    WIDTH="1328"
                    HEIGHT="134"></String>
          </TextLine>

          
          
          <TextLine ID="eSc_line_b0b0e379"
                    TAGREFS="LT4789"
                    BASELINE="774 4849 2101 4839" 
                    HPOS="770"
                    VPOS="4749"
                    WIDTH="1331"
                    HEIGHT="147">
            <Shape><Polygon POINTS="774 4849 774 4883 794 4896 797 4896 801 4896 804 4896 1226 4876 1642 4893 1645 4893 1649 4893 1689 4876 1753 4890 1756 4890 2101 4866 2101 4839 2094 4776 1924 4749 1920 4749 1806 4772 1783 4752 1783 4749 1779 4749 1776 4749 1696 4749 1692 4749 1689 4749 1598 4776 1337 4752 1334 4752 1330 4752 1327 4752 1327 4756 1307 4772 1236 4759 1233 4759 1015 4779 958 4762 955 4762 951 4762 770 4782 774 4849"/></Shape>
	    <String CONTENT="regnes auec leurs priʃonniers"
                    HPOS="770"
                    VPOS="4749"
                    WIDTH="1331"
                    HEIGHT="147"></String>
          </TextLine>

          
          
          <TextLine ID="eSc_line_a9045f53"
                    TAGREFS="LT4789"
                    BASELINE="2218 4843 3559 4836" 
                    HPOS="2215"
                    VPOS="4735"
                    WIDTH="1344"
                    HEIGHT="155">
            <Shape><Polygon POINTS="2218 4843 2218 4869 2805 4890 2808 4890 2812 4890 2815 4890 2835 4873 3358 4886 3361 4886 3469 4869 3496 4886 3499 4886 3502 4886 3506 4886 3509 4886 3559 4863 3559 4836 3553 4769 3207 4769 3154 4739 3150 4739 3147 4739 3144 4739 3077 4766 3020 4735 3016 4735 3013 4735 3010 4735 3006 4735 2973 4766 2872 4739 2869 4739 2865 4739 2862 4739 2859 4739 2822 4769 2597 4739 2594 4739 2591 4739 2587 4739 2554 4769 2513 4739 2510 4739 2507 4739 2503 4739 2500 4739 2497 4739 2463 4766 2416 4739 2413 4739 2336 4739 2332 4739 2329 4739 2326 4739 2306 4759 2259 4739 2255 4739 2252 4739 2249 4739 2245 4739 2245 4742 2215 4766 2218 4843"/></Shape>
	    <String CONTENT="le veoir . Avec luy fut le conte ꝺe"
                    HPOS="2215"
                    VPOS="4735"
                    WIDTH="1344"
                    HEIGHT="155"></String>
          </TextLine>

          
          
          <TextLine ID="eSc_line_fdaee601"
                    TAGREFS="LT4789"
                    BASELINE="3341 4960 3559 4950" 
                    HPOS="3335"
                    VPOS="4856"
                    WIDTH="224"
                    HEIGHT="144">
            <Shape><Polygon POINTS="3341 4960 3341 4983 3372 5000 3375 5000 3378 5000 3382 5000 3385 5000 3415 4980 3418 4980 3462 4997 3465 4997 3469 4997 3559 4980 3559 4950 3549 4859 3442 4876 3432 4869 3415 4856 3412 4856 3408 4856 3405 4856 3402 4856 3335 4880 3341 4960"/></Shape>
	    <String CONTENT="B iii"
                    HPOS="3335"
                    VPOS="4856"
                    WIDTH="224"
                    HEIGHT="144"></String>
          </TextLine>

          
        </TextBlock>
        

        
      </PrintSpace>
    </Page>
  </Layout>
</alto>
